{
  "ambient_temp_c": 40.0,
  "convective_area_m2": 0.01725255003336322,
  "copper_losses_w": 5.524221847462672,
  "iron_losses_w": 0.0,
  "max_magnet_temp_c": 46.22606076226719,
  "max_winding_temp_c": 112.56967824989121,
  "pm_losses_w": 0.0,
  "status": "pass",
  "thermal_resistance_k_per_w": 3.220135889947947,
  "total_losses_w": 22.53621608840374,
  "warnings": []
}