{
  "ambient_temp_c": 40.0,
  "convective_area_m2": 0.14606621414565304,
  "copper_losses_w": 33.90842013888889,
  "iron_losses_w": 0.0,
  "max_magnet_temp_c": 44.51391442878119,
  "max_winding_temp_c": 53.981471584440165,
  "pm_losses_w": 0.0,
  "status": "pass",
  "thermal_resistance_k_per_w": 0.3803450091487765,
  "total_losses_w": 36.7599712054356,
  "warnings": []
}