{
  "methodology": "Monte Carlo with 1000 samples",
  "uncertainties": {
    "D_out": {
      "type": "gaussian",
      "sigma": 0.005
    },
    "g": {
      "type": "gaussian",
      "sigma": 0.0005
    },
    "l_PM": {
      "type": "gaussian",
      "sigma": 0.001
    },
    "fill_factor": {
      "type": "uniform",
      "range": [
        0.45,
        0.6
      ]
    },
    "magnet_Br": {
      "type": "gaussian",
      "sigma": 0.02
    },
    "copper_rho": {
      "type": "gaussian",
      "sigma": 0.02
    },
    "ambient_temp": {
      "type": "uniform",
      "range": [
        20,
        80
      ]
    },
    "assembly_stackup": {
      "type": "gaussian",
      "sigma": 0.001
    }
  },
  "results": {
    "rank_1": {
      "topology": "AFPMTopology.DSSR_SLOTTED",
      "statistics": {
        "efficiency": {
          "mean": 0.9223718048317204,
          "std": 0.034915692216935294,
          "min": 0.8403870334309315,
          "max": 1.0037137812083143,
          "p5": 0.8673265788808014,
          "p95": 0.9768536882663457
        },
        "power_W": {
          "mean": 3024.2157485729435,
          "std": 281.74020362989927,
          "min": 2207.4791348922263,
          "max": 4150.575620881269,
          "p5": 2607.0465555738306,
          "p95": 3520.750690440292
        },
        "ambient_temp_C": {
          "mean": 49.545117572446514,
          "std": 17.209083374217087,
          "min": 20.02584818425617,
          "max": 79.79526544578978,
          "p5": 22.801247417583323,
          "p95": 76.79983751883722
        }
      }
    },
    "rank_2": {
      "topology": "AFPMTopology.SSDR_CORELESS",
      "statistics": {
        "efficiency": {
          "mean": 0.9194247730230757,
          "std": 0.03422103104751805,
          "min": 0.8421145344212029,
          "max": 1.000068042506124,
          "p5": 0.8656352752618169,
          "p95": 0.9741864459111421
        },
        "power_W": {
          "mean": 2584.9273653559153,
          "std": 205.08540522863186,
          "min": 2054.195571635654,
          "max": 3329.9844078555557,
          "p5": 2254.9786618859043,
          "p95": 2936.7491767234337
        },
        "ambient_temp_C": {
          "mean": 50.611026676884215,
          "std": 16.932347841541723,
          "min": 20.049578459823245,
          "max": 79.98818228832468,
          "p5": 23.565840630506447,
          "p95": 77.21963796333446
        }
      }
    },
    "rank_3": {
      "topology": "AFPMTopology.DSSR_SLOTTED",
      "statistics": {
        "efficiency": {
          "mean": 0.9216536107724823,
          "std": 0.03496283151281705,
          "min": 0.8470806331213446,
          "max": 0.9917110518086085,
          "p5": 0.8666669855656546,
          "p95": 0.9748622219181635
        },
        "power_W": {
          "mean": 3637.423607269941,
          "std": 382.63288498379325,
          "min": 2648.2899502079263,
          "max": 4732.3191839258325,
          "p5": 3064.061600084736,
          "p95": 4348.6732537918215
        },
        "ambient_temp_C": {
          "mean": 49.72399267473719,
          "std": 17.213000762156422,
          "min": 20.141124709715925,
          "max": 79.98858946582676,
          "p5": 23.46497981643939,
          "p95": 77.73704779714672
        }
      }
    }
  },
  "conclusion": "Report nominal values with 90% confidence intervals"
}