{
  "ambient_temp_c": 40.0,
  "convective_area_m2": 0.08871072255574178,
  "copper_losses_w": 15.071188188409801,
  "iron_losses_w": 0.0,
  "max_magnet_temp_c": 43.303443743873935,
  "max_winding_temp_c": 52.51470658971157,
  "pm_losses_w": 0.0,
  "status": "pass",
  "thermal_resistance_k_per_w": 0.6262552480129668,
  "total_losses_w": 19.9833959546355,
  "warnings": []
}