{
  "ambient_temp_c": 40.0,
  "convective_area_m2": 0.09780357161770531,
  "copper_losses_w": 9.237149852974056,
  "iron_losses_w": 0.0,
  "max_magnet_temp_c": 41.83644875304991,
  "max_winding_temp_c": 67.29406287341587,
  "pm_losses_w": 0.0,
  "status": "pass",
  "thermal_resistance_k_per_w": 0.568031970986818,
  "total_losses_w": 48.05022299360904,
  "warnings": []
}